"時点","地域コード","地域","漁獲量【トン】","注記"
"1975年","00000","全国","9700288",""
"1976年","00000","全国","9729349",""
"1977年","00000","全国","9820359",""
"1978年","00000","全国","9819447",""
"1979年","00000","全国","9613234",""
"1980年","00000","全国","10036289",""
"1981年","00000","全国","10266997",""
"1982年","00000","全国","10353340",""
"1983年","00000","全国","10813505",""
"1984年","00000","全国","11607875",""
"1985年","00000","全国","10987049",""
"1986年","00000","全国","11446968",""
"1987年","00000","全国","11230364",""
"1988年","00000","全国","11358670",""
"1989年","00000","全国","10542909",""
"1990年","00000","全国","9682083",""
"1991年","00000","全国","8618425",""
"1992年","00000","全国","7868525",""
"1993年","00000","全国","7347355",""
"1994年","00000","全国","6682071",""
"1995年","00000","全国","6098928",""
"1996年","00000","全国","6067659",""
"1997年","00000","全国","6070765",""
"1998年","00000","全国","5393745",""
"1999年","00000","全国","5310703",""
"2000年","00000","全国","5092365",""
"2001年","00000","全国","4814486",""
"2002年","00000","全国","4495046",""
"2003年","00000","全国","4781925",""
"2004年","00000","全国","4515065",""
"2005年","00000","全国","4510954",""
"2006年","00000","全国","4511232",""
"2007年","00000","全国","4435864",""
"2008年","00000","全国","4405964",""
"2009年","00000","全国","4189012",""
"2010年","00000","全国","4161946",""
"2011年","00000","全国","3858359",""
"2012年","00000","全国","3779632",""
"2013年","00000","全国","3746102",""
"2014年","00000","全国","3744012",""
"2015年","00000","全国","3525363",""
"2016年","00000","全国","3300500",""
"2017年","00000","全国","3283504",""
"2018年","00000","全国","3392673",""
"2019年","00000","全国","3257217",""
"2020年","00000","全国","3237080",""
"2021年","00000","全国","3212407",""
"1975年","01000","北海道","2497059",""
"1976年","01000","北海道","2343550",""
"1977年","01000","北海道","1923026",""
"1978年","01000","北海道","1754111",""
"1979年","01000","北海道","1843941",""
"1980年","01000","北海道","1808651",""
"1981年","01000","北海道","1821149",""
"1982年","01000","北海道","1858984",""
"1983年","01000","北海道","1812713",""
"1984年","01000","北海道","1948413",""
"1985年","01000","北海道","2075336",""
"1986年","01000","北海道","1885101",""
"1987年","01000","北海道","2024395",""
"1988年","01000","北海道","2035070",""
"1989年","01000","北海道","2010606",""
"1990年","01000","北海道","2005955",""
"1991年","01000","北海道","1747001",""
"1992年","01000","北海道","1794733",""
"1993年","01000","北海道","1636527",""
"1994年","01000","北海道","1646693",""
"1995年","01000","北海道","1744631",""
"1996年","01000","北海道","1699828",""
"1997年","01000","北海道","1742102",""
"1998年","01000","北海道","1531216",""
"1999年","01000","北海道","1522672",""
"2000年","01000","北海道","1500036",""
"2001年","01000","北海道","1421714",""
"2002年","01000","北海道","1360423",""
"2003年","01000","北海道","1482072",""
"2004年","01000","北海道","1372008",""
"2005年","01000","北海道","1294301",""
"2006年","01000","北海道","1256858",""
"2007年","01000","北海道","1317630",""
"2008年","01000","北海道","1322123",""
"2009年","01000","北海道","1346186",""
"2010年","01000","北海道","1277232",""
"2011年","01000","北海道","1193534",""
"2012年","01000","北海道","1156034",""
"2013年","01000","北海道","1153623",""
"2014年","01000","北海道","1115123",""
"2015年","01000","北海道","877785",""
"2016年","01000","北海道","760016",""
"2017年","01000","北海道","746592",""
"2018年","01000","北海道","886726",""
"2019年","01000","北海道","888858",""
"2020年","01000","北海道","902017",""
"2021年","01000","北海道","915657",""
"1975年","02000","青森県","414232",""
"1976年","02000","青森県","377567",""
"1977年","02000","青森県","458377",""
"1978年","02000","青森県","455026",""
"1979年","02000","青森県","479030",""
"1980年","02000","青森県","607131",""
"1981年","02000","青森県","588337",""
"1982年","02000","青森県","581157",""
"1983年","02000","青森県","605469",""
"1984年","02000","青森県","574360",""
"1985年","02000","青森県","553696",""
"1986年","02000","青森県","592779",""
"1987年","02000","青森県","752147",""
"1988年","02000","青森県","680289",""
"1989年","02000","青森県","625984",""
"1990年","02000","青森県","548010",""
"1991年","02000","青森県","458850",""
"1992年","02000","青森県","367111",""
"1993年","02000","青森県","380457",""
"1994年","02000","青森県","293005",""
"1995年","02000","青森県","271460",""
"1996年","02000","青森県","302821",""
"1997年","02000","青森県","315002",""
"1998年","02000","青森県","214051",""
"1999年","02000","青森県","246641",""
"2000年","02000","青森県","256542",""
"2001年","02000","青森県","254280",""
"2002年","02000","青森県","205528",""
"2003年","02000","青森県","183176",""
"2004年","02000","青森県","183071",""
"2005年","02000","青森県","167743",""
"2006年","02000","青森県","165553",""
"2007年","02000","青森県","162898",""
"2008年","02000","青森県","155793",""
"2009年","02000","青森県","157868",""
"2010年","02000","青森県","133541",""
"2011年","02000","青森県","130105",""
"2012年","02000","青森県","121410",""
"2013年","02000","青森県","120960",""
"2014年","02000","青森県","133179",""
"2015年","02000","青森県","120162",""
"2016年","02000","青森県","112196",""
"2017年","02000","青森県","107332",""
"2018年","02000","青森県","94559",""
"2019年","02000","青森県","84332",""
"2020年","02000","青森県","94433",""
"2021年","02000","青森県","69754",""
"1975年","03000","岩手県","194370",""
"1976年","03000","岩手県","180576",""
"1977年","03000","岩手県","194640",""
"1978年","03000","岩手県","244617",""
"1979年","03000","岩手県","222004",""
"1980年","03000","岩手県","245461",""
"1981年","03000","岩手県","249595",""
"1982年","03000","岩手県","241979",""
"1983年","03000","岩手県","259034",""
"1984年","03000","岩手県","279202",""
"1985年","03000","岩手県","288385",""
"1986年","03000","岩手県","304465",""
"1987年","03000","岩手県","212591",""
"1988年","03000","岩手県","204414",""
"1989年","03000","岩手県","187568",""
"1990年","03000","岩手県","188389",""
"1991年","03000","岩手県","161765",""
"1992年","03000","岩手県","184706",""
"1993年","03000","岩手県","168027",""
"1994年","03000","岩手県","147682",""
"1995年","03000","岩手県","159367",""
"1996年","03000","岩手県","199330",""
"1997年","03000","岩手県","187077",""
"1998年","03000","岩手県","130889",""
"1999年","03000","岩手県","135408",""
"2000年","03000","岩手県","138202",""
"2001年","03000","岩手県","128229",""
"2002年","03000","岩手県","130827",""
"2003年","03000","岩手県","125754",""
"2004年","03000","岩手県","151346",""
"2005年","03000","岩手県","148887",""
"2006年","03000","岩手県","141747",""
"2007年","03000","岩手県","153492",""
"2008年","03000","岩手県","154816",""
"2009年","03000","岩手県","142463",""
"2010年","03000","岩手県","138192",""
"2011年","03000","岩手県","81376",""
"2012年","03000","岩手県","104274",""
"2013年","03000","岩手県","114762",""
"2014年","03000","岩手県","115148",""
"2015年","03000","岩手県","109722",""
"2016年","03000","岩手県","85820",""
"2017年","03000","岩手県","76509",""
"2018年","03000","岩手県","91032",""
"2019年","03000","岩手県","93098",""
"2020年","03000","岩手県","65919",""
"2021年","03000","岩手県","79832",""
"1975年","04000","宮城県","593283",""
"1976年","04000","宮城県","542719",""
"1977年","04000","宮城県","566451",""
"1978年","04000","宮城県","571770",""
"1979年","04000","宮城県","497024",""
"1980年","04000","宮城県","567633",""
"1981年","04000","宮城県","542528",""
"1982年","04000","宮城県","569063",""
"1983年","04000","宮城県","625647",""
"1984年","04000","宮城県","659099",""
"1985年","04000","宮城県","538549",""
"1986年","04000","宮城県","685199",""
"1987年","04000","宮城県","687539",""
"1988年","04000","宮城県","652649",""
"1989年","04000","宮城県","464953",""
"1990年","04000","宮城県","426446",""
"1991年","04000","宮城県","394101",""
"1992年","04000","宮城県","408224",""
"1993年","04000","宮城県","341553",""
"1994年","04000","宮城県","312765",""
"1995年","04000","宮城県","308411",""
"1996年","04000","宮城県","300856",""
"1997年","04000","宮城県","343096",""
"1998年","04000","宮城県","308808",""
"1999年","04000","宮城県","283671",""
"2000年","04000","宮城県","296820",""
"2001年","04000","宮城県","303365",""
"2002年","04000","宮城県","271992",""
"2003年","04000","宮城県","259828",""
"2004年","04000","宮城県","259255",""
"2005年","04000","宮城県","279445",""
"2006年","04000","宮城県","281397",""
"2007年","04000","宮城県","266602",""
"2008年","04000","宮城県","260419",""
"2009年","04000","宮城県","233522",""
"2010年","04000","宮城県","225284",""
"2011年","04000","宮城県","129983",""
"2012年","04000","宮城県","153394",""
"2013年","04000","宮城県","185584",""
"2014年","04000","宮城県","177967",""
"2015年","04000","宮城県","165729",""
"2016年","04000","宮城県","163571",""
"2017年","04000","宮城県","158734",""
"2018年","04000","宮城県","187972",""
"2019年","04000","宮城県","195601",""
"2020年","04000","宮城県","166417",""
"2021年","04000","宮城県","184415",""
"1975年","05000","秋田県","35391",""
"1976年","05000","秋田県","28987",""
"1977年","05000","秋田県","29633",""
"1978年","05000","秋田県","23170",""
"1979年","05000","秋田県","19953",""
"1980年","05000","秋田県","22206",""
"1981年","05000","秋田県","20187",""
"1982年","05000","秋田県","23410",""
"1983年","05000","秋田県","17025",""
"1984年","05000","秋田県","16421",""
"1985年","05000","秋田県","15292",""
"1986年","05000","秋田県","14987",""
"1987年","05000","秋田県","16545",""
"1988年","05000","秋田県","15159",""
"1989年","05000","秋田県","18045",""
"1990年","05000","秋田県","27974",""
"1991年","05000","秋田県","22900",""
"1992年","05000","秋田県","17941",""
"1993年","05000","秋田県","14213",""
"1994年","05000","秋田県","11236",""
"1995年","05000","秋田県","9963",""
"1996年","05000","秋田県","10283",""
"1997年","05000","秋田県","10116",""
"1998年","05000","秋田県","10456",""
"1999年","05000","秋田県","10534",""
"2000年","05000","秋田県","9488",""
"2001年","05000","秋田県","10391",""
"2002年","05000","秋田県","11048",""
"2003年","05000","秋田県","11143",""
"2004年","05000","秋田県","11222",""
"2005年","05000","秋田県","11277",""
"2006年","05000","秋田県","10533",""
"2007年","05000","秋田県","10189",""
"2008年","05000","秋田県","12248",""
"2009年","05000","秋田県","11837",""
"2010年","05000","秋田県","9859",""
"2011年","05000","秋田県","9777",""
"2012年","05000","秋田県","7826",""
"2013年","05000","秋田県","7999",""
"2014年","05000","秋田県","7509",""
"2015年","05000","秋田県","8264",""
"2016年","05000","秋田県","7020",""
"2017年","05000","秋田県","6198",""
"2018年","05000","秋田県","6452",""
"2019年","05000","秋田県","5821",""
"2020年","05000","秋田県","6223",""
"2021年","05000","秋田県","5937",""
"1975年","06000","山形県","22761",""
"1976年","06000","山形県","19580",""
"1977年","06000","山形県","17949",""
"1978年","06000","山形県","15440",""
"1979年","06000","山形県","14047",""
"1980年","06000","山形県","14870",""
"1981年","06000","山形県","12555",""
"1982年","06000","山形県","13935",""
"1983年","06000","山形県","12335",""
"1984年","06000","山形県","11291",""
"1985年","06000","山形県","11120",""
"1986年","06000","山形県","10042",""
"1987年","06000","山形県","9123",""
"1988年","06000","山形県","8446",""
"1989年","06000","山形県","11142",""
"1990年","06000","山形県","9946",""
"1991年","06000","山形県","11909",""
"1992年","06000","山形県","9492",""
"1993年","06000","山形県","9676",""
"1994年","06000","山形県","9284",""
"1995年","06000","山形県","8169",""
"1996年","06000","山形県","9592",""
"1997年","06000","山形県","9967",""
"1998年","06000","山形県","7726",""
"1999年","06000","山形県","7583",""
"2000年","06000","山形県","8374",""
"2001年","06000","山形県","7848",""
"2002年","06000","山形県","7746",""
"2003年","06000","山形県","7479",""
"2004年","06000","山形県","8140",""
"2005年","06000","山形県","8370",""
"2006年","06000","山形県","8425",""
"2007年","06000","山形県","7883",""
"2008年","06000","山形県","7913",""
"2009年","06000","山形県","7529",""
"2010年","06000","山形県","7043",""
"2011年","06000","山形県","7483",""
"2012年","06000","山形県","6086",""
"2013年","06000","山形県","6761",""
"2014年","06000","山形県","5947",""
"2015年","06000","山形県","6569",""
"2016年","06000","山形県","5451",""
"2017年","06000","山形県","4712",""
"2018年","06000","山形県","4115",""
"2019年","06000","山形県","3932",""
"2020年","06000","山形県","4847",""
"2021年","06000","山形県","3719",""
"1975年","07000","福島県","256589",""
"1976年","07000","福島県","216946",""
"1977年","07000","福島県","312492",""
"1978年","07000","福島県","350047",""
"1979年","07000","福島県","314842",""
"1980年","07000","福島県","338926",""
"1981年","07000","福島県","388508",""
"1982年","07000","福島県","375923",""
"1983年","07000","福島県","538910",""
"1984年","07000","福島県","579487",""
"1985年","07000","福島県","510766",""
"1986年","07000","福島県","547871",""
"1987年","07000","福島県","584828",""
"1988年","07000","福島県","526935",""
"1989年","07000","福島県","496090",""
"1990年","07000","福島県","417709",""
"1991年","07000","福島県","364159",""
"1992年","07000","福島県","282438",""
"1993年","07000","福島県","231035",""
"1994年","07000","福島県","188140",""
"1995年","07000","福島県","150607",""
"1996年","07000","福島県","146989",""
"1997年","07000","福島県","179106",""
"1998年","07000","福島県","158708",""
"1999年","07000","福島県","123567",""
"2000年","07000","福島県","125607",""
"2001年","07000","福島県","138864",""
"2002年","07000","福島県","94459",""
"2003年","07000","福島県","122919",""
"2004年","07000","福島県","103504",""
"2005年","07000","福島県","106767",""
"2006年","07000","福島県","122470",""
"2007年","07000","福島県","99491",""
"2008年","07000","福島県","101430",""
"2009年","07000","福島県","84697",""
"2010年","07000","福島県","79311",""
"2011年","07000","福島県","49805",""
"2012年","07000","福島県","44793",""
"2013年","07000","福島県","45269",""
"2014年","07000","福島県","59812",""
"2015年","07000","福島県","45502",""
"2016年","07000","福島県","48163",""
"2017年","07000","福島県","52889",""
"2018年","07000","福島県","50080",""
"2019年","07000","福島県","69424",""
"2020年","07000","福島県","71514",""
"2021年","07000","福島県","62664",""
"1975年","08000","茨城県","265920",""
"1976年","08000","茨城県","287650",""
"1977年","08000","茨城県","371014",""
"1978年","08000","茨城県","541728",""
"1979年","08000","茨城県","425486",""
"1980年","08000","茨城県","501840",""
"1981年","08000","茨城県","773563",""
"1982年","08000","茨城県","774687",""
"1983年","08000","茨城県","894814",""
"1984年","08000","茨城県","1013452",""
"1985年","08000","茨城県","945665",""
"1986年","08000","茨城県","1139410",""
"1987年","08000","茨城県","1042713",""
"1988年","08000","茨城県","1027256",""
"1989年","08000","茨城県","983536",""
"1990年","08000","茨城県","844980",""
"1991年","08000","茨城県","736373",""
"1992年","08000","茨城県","577083",""
"1993年","08000","茨城県","474290",""
"1994年","08000","茨城県","289992",""
"1995年","08000","茨城県","249324",""
"1996年","08000","茨城県","290415",""
"1997年","08000","茨城県","390800",""
"1998年","08000","茨城県","294046",""
"1999年","08000","茨城県","315411",""
"2000年","08000","茨城県","215487",""
"2001年","08000","茨城県","267361",""
"2002年","08000","茨城県","191456",""
"2003年","08000","茨城県","219004",""
"2004年","08000","茨城県","202582",""
"2005年","08000","茨城県","246588",""
"2006年","08000","茨城県","283953",""
"2007年","08000","茨城県","200885",""
"2008年","08000","茨城県","195217",""
"2009年","08000","茨城県","153735",""
"2010年","08000","茨城県","189527",""
"2011年","08000","茨城県","142696",""
"2012年","08000","茨城県","156743",""
"2013年","08000","茨城県","156721",""
"2014年","08000","茨城県","226073",""
"2015年","08000","茨城県","227197",""
"2016年","08000","茨城県","246333",""
"2017年","08000","茨城県","298031",""
"2018年","08000","茨城県","263426",""
"2019年","08000","茨城県","297444",""
"2020年","08000","茨城県","304752",""
"2021年","08000","茨城県","302068",""
"1975年","09000","栃木県","1562",""
"1976年","09000","栃木県","1617",""
"1977年","09000","栃木県","1846",""
"1978年","09000","栃木県","2211",""
"1979年","09000","栃木県","2428",""
"1980年","09000","栃木県","2540",""
"1981年","09000","栃木県","2653",""
"1982年","09000","栃木県","2542",""
"1983年","09000","栃木県","2588",""
"1984年","09000","栃木県","2239",""
"1985年","09000","栃木県","2139",""
"1986年","09000","栃木県","2165",""
"1987年","09000","栃木県","2265",""
"1988年","09000","栃木県","2142",""
"1989年","09000","栃木県","2161",""
"1990年","09000","栃木県","2299",""
"1991年","09000","栃木県","2218",""
"1992年","09000","栃木県","2443",""
"1993年","09000","栃木県","2396",""
"1994年","09000","栃木県","2479",""
"1995年","09000","栃木県","2969",""
"1996年","09000","栃木県","2697",""
"1997年","09000","栃木県","2513",""
"1998年","09000","栃木県","2203",""
"1999年","09000","栃木県","1993",""
"2000年","09000","栃木県","1581",""
"2001年","09000","栃木県","1587",""
"2002年","09000","栃木県","1428",""
"2003年","09000","栃木県","1739",""
"2004年","09000","栃木県","1690",""
"2005年","09000","栃木県","1548",""
"2006年","09000","栃木県","347",""
"2007年","09000","栃木県","362",""
"2008年","09000","栃木県","353",""
"2009年","09000","栃木県","328",""
"2010年","09000","栃木県","363",""
"2011年","09000","栃木県","399",""
"2012年","09000","栃木県","258",""
"2013年","09000","栃木県","241",""
"2014年","09000","栃木県","207",""
"2015年","09000","栃木県","227",""
"2016年","09000","栃木県","270",""
"2017年","09000","栃木県","277",""
"2018年","09000","栃木県","296",""
"2019年","09000","栃木県","275",""
"2020年","09000","栃木県","356",""
"2021年","09000","栃木県","304",""
"1975年","10000","群馬県","1419",""
"1976年","10000","群馬県","1673",""
"1977年","10000","群馬県","1819",""
"1978年","10000","群馬県","1945",""
"1979年","10000","群馬県","2111",""
"1980年","10000","群馬県","2274",""
"1981年","10000","群馬県","2240",""
"1982年","10000","群馬県","2176",""
"1983年","10000","群馬県","2130",""
"1984年","10000","群馬県","1716",""
"1985年","10000","群馬県","1596",""
"1986年","10000","群馬県","1387",""
"1987年","10000","群馬県","1168",""
"1988年","10000","群馬県","1038",""
"1989年","10000","群馬県","856",""
"1990年","10000","群馬県","573",""
"1991年","10000","群馬県","466",""
"1992年","10000","群馬県","457",""
"1993年","10000","群馬県","380",""
"1994年","10000","群馬県","405",""
"1995年","10000","群馬県","384",""
"1996年","10000","群馬県","352",""
"1997年","10000","群馬県","350",""
"1998年","10000","群馬県","324",""
"1999年","10000","群馬県","274",""
"2000年","10000","群馬県","271",""
"2001年","10000","群馬県","243",""
"2002年","10000","群馬県","225",""
"2003年","10000","群馬県","203",""
"2004年","10000","群馬県","238",""
"2005年","10000","群馬県","214",""
"2006年","10000","群馬県","4",""
"2007年","10000","群馬県","4",""
"2008年","10000","群馬県","4",""
"2009年","10000","群馬県","4",""
"2010年","10000","群馬県","4",""
"2011年","10000","群馬県","4",""
"2012年","10000","群馬県","3",""
"2013年","10000","群馬県","3",""
"2014年","10000","群馬県","3",""
"2015年","10000","群馬県","3",""
"2016年","10000","群馬県","3",""
"2017年","10000","群馬県","3",""
"2018年","10000","群馬県","2",""
"2019年","10000","群馬県","2",""
"2020年","10000","群馬県","1",""
"2021年","10000","群馬県","2",""
"1975年","11000","埼玉県","2553",""
"1976年","11000","埼玉県","2632",""
"1977年","11000","埼玉県","2721",""
"1978年","11000","埼玉県","3094",""
"1979年","11000","埼玉県","3110",""
"1980年","11000","埼玉県","3293",""
"1981年","11000","埼玉県","3780",""
"1982年","11000","埼玉県","4099",""
"1983年","11000","埼玉県","4014",""
"1984年","11000","埼玉県","4040",""
"1985年","11000","埼玉県","4195",""
"1986年","11000","埼玉県","4282",""
"1987年","11000","埼玉県","4144",""
"1988年","11000","埼玉県","3192",""
"1989年","11000","埼玉県","2931",""
"1990年","11000","埼玉県","2749",""
"1991年","11000","埼玉県","2589",""
"1992年","11000","埼玉県","2443",""
"1993年","11000","埼玉県","2154",""
"1994年","11000","埼玉県","1669",""
"1995年","11000","埼玉県","1617",""
"1996年","11000","埼玉県","1469",""
"1997年","11000","埼玉県","1422",""
"1998年","11000","埼玉県","1278",""
"1999年","11000","埼玉県","1097",""
"2000年","11000","埼玉県","1058",""
"2001年","11000","埼玉県","1161",""
"2002年","11000","埼玉県","973",""
"2003年","11000","埼玉県","828",""
"2004年","11000","埼玉県","724",""
"2005年","11000","埼玉県","620",""
"2006年","11000","埼玉県","61",""
"2007年","11000","埼玉県","56",""
"2008年","11000","埼玉県","2",""
"2009年","11000","埼玉県","2",""
"2010年","11000","埼玉県","1",""
"2011年","11000","埼玉県","4",""
"2012年","11000","埼玉県","1",""
"2013年","11000","埼玉県","1",""
"2014年","11000","埼玉県","1",""
"2015年","11000","埼玉県","1",""
"2016年","11000","埼玉県","1",""
"2017年","11000","埼玉県","1",""
"2018年","11000","埼玉県","2",""
"2019年","11000","埼玉県","1",""
"2020年","11000","埼玉県","2",""
"2021年","11000","埼玉県","1",""
"1975年","12000","千葉県","313724",""
"1976年","12000","千葉県","320318",""
"1977年","12000","千葉県","401692",""
"1978年","12000","千葉県","425840",""
"1979年","12000","千葉県","364565",""
"1980年","12000","千葉県","387309",""
"1981年","12000","千葉県","558262",""
"1982年","12000","千葉県","464774",""
"1983年","12000","千葉県","577126",""
"1984年","12000","千葉県","555168",""
"1985年","12000","千葉県","446276",""
"1986年","12000","千葉県","461090",""
"1987年","12000","千葉県","395777",""
"1988年","12000","千葉県","444842",""
"1989年","12000","千葉県","347630",""
"1990年","12000","千葉県","359441",""
"1991年","12000","千葉県","301903",""
"1992年","12000","千葉県","244498",""
"1993年","12000","千葉県","213166",""
"1994年","12000","千葉県","161065",""
"1995年","12000","千葉県","174150",""
"1996年","12000","千葉県","179034",""
"1997年","12000","千葉県","200141",""
"1998年","12000","千葉県","200749",""
"1999年","12000","千葉県","198825",""
"2000年","12000","千葉県","176464",""
"2001年","12000","千葉県","162850",""
"2002年","12000","千葉県","182104",""
"2003年","12000","千葉県","207818",""
"2004年","12000","千葉県","222200",""
"2005年","12000","千葉県","196408",""
"2006年","12000","千葉県","207631",""
"2007年","12000","千葉県","170377",""
"2008年","12000","千葉県","176432",""
"2009年","12000","千葉県","192191",""
"2010年","12000","千葉県","162811",""
"2011年","12000","千葉県","169487",""
"2012年","12000","千葉県","158248",""
"2013年","12000","千葉県","134138",""
"2014年","12000","千葉県","135423",""
"2015年","12000","千葉県","111783",""
"2016年","12000","千葉県","115045",""
"2017年","12000","千葉県","120071",""
"2018年","12000","千葉県","134098",""
"2019年","12000","千葉県","111428",""
"2020年","12000","千葉県","99952",""
"2021年","12000","千葉県","105531",""
"1975年","13000","東京都","1375946",""
"1976年","13000","東京都","1356158",""
"1977年","13000","東京都","1228390",""
"1978年","13000","東京都","1094123",""
"1979年","13000","東京都","1059971",""
"1980年","13000","東京都","1076480",""
"1981年","13000","東京都","1061939",""
"1982年","13000","東京都","1030218",""
"1983年","13000","東京都","965005",""
"1984年","13000","東京都","935132",""
"1985年","13000","東京都","890367",""
"1986年","13000","東京都","844837",""
"1987年","13000","東京都","672108",""
"1988年","13000","東京都","634707",""
"1989年","13000","東京都","493923",""
"1990年","13000","東京都","332754",""
"1991年","13000","東京都","215057",""
"1992年","13000","東京都","189030",""
"1993年","13000","東京都","118751",""
"1994年","13000","東京都","195309",""
"1995年","13000","東京都","168327",""
"1996年","13000","東京都","155978",""
"1997年","13000","東京都","156535",""
"1998年","13000","東京都","137549",""
"1999年","13000","東京都","129757",""
"2000年","13000","東京都","137268",""
"2001年","13000","東京都","136812",""
"2002年","13000","東京都","132610",""
"2003年","13000","東京都","140617",""
"2004年","13000","東京都","83806",""
"2005年","13000","東京都","73210",""
"2006年","13000","東京都","87524",""
"2007年","13000","東京都","84321",""
"2008年","13000","東京都","105216",""
"2009年","13000","東京都","96822",""
"2010年","13000","東京都","110547",""
"2011年","13000","東京都","100349",""
"2012年","13000","東京都","85083",""
"2013年","13000","東京都","49633",""
"2014年","13000","東京都","47549",""
"2015年","13000","東京都","45217",""
"2016年","13000","東京都","48947",""
"2017年","13000","東京都","40939",""
"2018年","13000","東京都","47153",""
"2019年","13000","東京都","52529",""
"2020年","13000","東京都","45596",""
"2021年","13000","東京都","29046",""
"1975年","14000","神奈川県","131485",""
"1976年","14000","神奈川県","101072",""
"1977年","14000","神奈川県","102370",""
"1978年","14000","神奈川県","97293",""
"1979年","14000","神奈川県","96966",""
"1980年","14000","神奈川県","100656",""
"1981年","14000","神奈川県","96124",""
"1982年","14000","神奈川県","90825",""
"1983年","14000","神奈川県","88595",""
"1984年","14000","神奈川県","95053",""
"1985年","14000","神奈川県","92461",""
"1986年","14000","神奈川県","94326",""
"1987年","14000","神奈川県","98373",""
"1988年","14000","神奈川県","95300",""
"1989年","14000","神奈川県","93216",""
"1990年","14000","神奈川県","74693",""
"1991年","14000","神奈川県","71425",""
"1992年","14000","神奈川県","74701",""
"1993年","14000","神奈川県","79708",""
"1994年","14000","神奈川県","76898",""
"1995年","14000","神奈川県","67017",""
"1996年","14000","神奈川県","67918",""
"1997年","14000","神奈川県","78977",""
"1998年","14000","神奈川県","68389",""
"1999年","14000","神奈川県","79186",""
"2000年","14000","神奈川県","85094",""
"2001年","14000","神奈川県","69512",""
"2002年","14000","神奈川県","56562",""
"2003年","14000","神奈川県","51123",""
"2004年","14000","神奈川県","55865",""
"2005年","14000","神奈川県","77024",""
"2006年","14000","神奈川県","59359",""
"2007年","14000","神奈川県","55072",""
"2008年","14000","神奈川県","55571",""
"2009年","14000","神奈川県","54440",""
"2010年","14000","神奈川県","61526",""
"2011年","14000","神奈川県","52687",""
"2012年","14000","神奈川県","46460",""
"2013年","14000","神奈川県","41468",""
"2014年","14000","神奈川県","40003",""
"2015年","14000","神奈川県","43885",""
"2016年","14000","神奈川県","34953",""
"2017年","14000","神奈川県","32804",""
"2018年","14000","神奈川県","33001",""
"2019年","14000","神奈川県","34172",""
"2020年","14000","神奈川県","30944",""
"2021年","14000","神奈川県","25101",""
"1975年","15000","新潟県","83186",""
"1976年","15000","新潟県","82358",""
"1977年","15000","新潟県","80418",""
"1978年","15000","新潟県","96323",""
"1979年","15000","新潟県","122627",""
"1980年","15000","新潟県","124616",""
"1981年","15000","新潟県","120241",""
"1982年","15000","新潟県","136360",""
"1983年","15000","新潟県","146219",""
"1984年","15000","新潟県","160317",""
"1985年","15000","新潟県","144475",""
"1986年","15000","新潟県","159685",""
"1987年","15000","新潟県","163649",""
"1988年","15000","新潟県","167181",""
"1989年","15000","新潟県","151788",""
"1990年","15000","新潟県","212030",""
"1991年","15000","新潟県","175190",""
"1992年","15000","新潟県","128496",""
"1993年","15000","新潟県","106745",""
"1994年","15000","新潟県","97033",""
"1995年","15000","新潟県","65308",""
"1996年","15000","新潟県","67145",""
"1997年","15000","新潟県","58595",""
"1998年","15000","新潟県","62615",""
"1999年","15000","新潟県","60136",""
"2000年","15000","新潟県","47925",""
"2001年","15000","新潟県","44612",""
"2002年","15000","新潟県","39813",""
"2003年","15000","新潟県","39037",""
"2004年","15000","新潟県","39699",""
"2005年","15000","新潟県","39057",""
"2006年","15000","新潟県","39270",""
"2007年","15000","新潟県","37755",""
"2008年","15000","新潟県","34738",""
"2009年","15000","新潟県","36453",""
"2010年","15000","新潟県","33528",""
"2011年","15000","新潟県","31105",""
"2012年","15000","新潟県","32943",""
"2013年","15000","新潟県","30368",""
"2014年","15000","新潟県","32277",""
"2015年","15000","新潟県","34478",""
"2016年","15000","新潟県","30388",""
"2017年","15000","新潟県","30602",""
"2018年","15000","新潟県","29725",""
"2019年","15000","新潟県","29199",""
"2020年","15000","新潟県","27090",""
"2021年","15000","新潟県","24024",""
"1975年","16000","富山県","42886",""
"1976年","16000","富山県","44269",""
"1977年","16000","富山県","44503",""
"1978年","16000","富山県","47855",""
"1979年","16000","富山県","48778",""
"1980年","16000","富山県","46978",""
"1981年","16000","富山県","50118",""
"1982年","16000","富山県","44061",""
"1983年","16000","富山県","51451",""
"1984年","16000","富山県","47410",""
"1985年","16000","富山県","42885",""
"1986年","16000","富山県","35362",""
"1987年","16000","富山県","38490",""
"1988年","16000","富山県","38449",""
"1989年","16000","富山県","39027",""
"1990年","16000","富山県","47422",""
"1991年","16000","富山県","42520",""
"1992年","16000","富山県","50833",""
"1993年","16000","富山県","42693",""
"1994年","16000","富山県","43058",""
"1995年","16000","富山県","50234",""
"1996年","16000","富山県","45986",""
"1997年","16000","富山県","51062",""
"1998年","16000","富山県","41183",""
"1999年","16000","富山県","45106",""
"2000年","16000","富山県","50478",""
"2001年","16000","富山県","46642",""
"2002年","16000","富山県","42655",""
"2003年","16000","富山県","46503",""
"2004年","16000","富山県","42228",""
"2005年","16000","富山県","38734",""
"2006年","16000","富山県","39021",""
"2007年","16000","富山県","46054",""
"2008年","16000","富山県","47056",""
"2009年","16000","富山県","48275",""
"2010年","16000","富山県","39559",""
"2011年","16000","富山県","35681",""
"2012年","16000","富山県","41619",""
"2013年","16000","富山県","46016",""
"2014年","16000","富山県","47995",""
"2015年","16000","富山県","44084",""
"2016年","16000","富山県","39828",""
"2017年","16000","富山県","23837",""
"2018年","16000","富山県","41689",""
"2019年","16000","富山県","23413",""
"2020年","16000","富山県","26235",""
"2021年","16000","富山県","23335",""
"1975年","17000","石川県","121607",""
"1976年","17000","石川県","133978",""
"1977年","17000","石川県","133216",""
"1978年","17000","石川県","138939",""
"1979年","17000","石川県","129595",""
"1980年","17000","石川県","142054",""
"1981年","17000","石川県","136081",""
"1982年","17000","石川県","135737",""
"1983年","17000","石川県","159019",""
"1984年","17000","石川県","167063",""
"1985年","17000","石川県","133992",""
"1986年","17000","石川県","150306",""
"1987年","17000","石川県","174784",""
"1988年","17000","石川県","174319",""
"1989年","17000","石川県","220514",""
"1990年","17000","石川県","227049",""
"1991年","17000","石川県","203830",""
"1992年","17000","石川県","172496",""
"1993年","17000","石川県","151947",""
"1994年","17000","石川県","144957",""
"1995年","17000","石川県","111682",""
"1996年","17000","石川県","114156",""
"1997年","17000","石川県","105188",""
"1998年","17000","石川県","81873",""
"1999年","17000","石川県","93420",""
"2000年","17000","石川県","107853",""
"2001年","17000","石川県","82166",""
"2002年","17000","石川県","99166",""
"2003年","17000","石川県","90585",""
"2004年","17000","石川県","82136",""
"2005年","17000","石川県","57746",""
"2006年","17000","石川県","79173",""
"2007年","17000","石川県","62923",""
"2008年","17000","石川県","64908",""
"2009年","17000","石川県","64646",""
"2010年","17000","石川県","66827",""
"2011年","17000","石川県","68239",""
"2012年","17000","石川県","60293",""
"2013年","17000","石川県","73499",""
"2014年","17000","石川県","58960",""
"2015年","17000","石川県","66402",""
"2016年","17000","石川県","58727",""
"2017年","17000","石川県","37486",""
"2018年","17000","石川県","62075",""
"2019年","17000","石川県","39798",""
"2020年","17000","石川県","53243",""
"2021年","17000","石川県","45848",""
"1975年","18000","福井県","44442",""
"1976年","18000","福井県","45236",""
"1977年","18000","福井県","41099",""
"1978年","18000","福井県","34703",""
"1979年","18000","福井県","36225",""
"1980年","18000","福井県","39310",""
"1981年","18000","福井県","32121",""
"1982年","18000","福井県","33168",""
"1983年","18000","福井県","37641",""
"1984年","18000","福井県","34044",""
"1985年","18000","福井県","30326",""
"1986年","18000","福井県","30869",""
"1987年","18000","福井県","26652",""
"1988年","18000","福井県","26324",""
"1989年","18000","福井県","21474",""
"1990年","18000","福井県","22815",""
"1991年","18000","福井県","20946",""
"1992年","18000","福井県","20252",""
"1993年","18000","福井県","23023",""
"1994年","18000","福井県","23360",""
"1995年","18000","福井県","22740",""
"1996年","18000","福井県","19338",""
"1997年","18000","福井県","18874",""
"1998年","18000","福井県","17376",""
"1999年","18000","福井県","18155",""
"2000年","18000","福井県","18155",""
"2001年","18000","福井県","15556",""
"2002年","18000","福井県","14317",""
"2003年","18000","福井県","16848",""
"2004年","18000","福井県","16232",""
"2005年","18000","福井県","12989",""
"2006年","18000","福井県","15505",""
"2007年","18000","福井県","15769",""
"2008年","18000","福井県","-","データが得られないことを示している。"
"2009年","18000","福井県","-","データが得られないことを示している。"
"2010年","18000","福井県","-","データが得られないことを示している。"
"2011年","18000","福井県","-","データが得られないことを示している。"
"2012年","18000","福井県","-","データが得られないことを示している。"
"2013年","18000","福井県","-","データが得られないことを示している。"
"2014年","18000","福井県","-","データが得られないことを示している。"
"2015年","18000","福井県","-","データが得られないことを示している。"
"2016年","18000","福井県","-","データが得られないことを示している。"
"2017年","18000","福井県","-","データが得られないことを示している。"
"2018年","18000","福井県","-","データが得られないことを示している。"
"2019年","18000","福井県","-","データが得られないことを示している。"
"2020年","18000","福井県","12101",""
"2021年","18000","福井県","9439",""
"1975年","19000","山梨県","364",""
"1976年","19000","山梨県","377",""
"1977年","19000","山梨県","441",""
"1978年","19000","山梨県","423",""
"1979年","19000","山梨県","436",""
"1980年","19000","山梨県","477",""
"1981年","19000","山梨県","469",""
"1982年","19000","山梨県","398",""
"1983年","19000","山梨県","332",""
"1984年","19000","山梨県","343",""
"1985年","19000","山梨県","323",""
"1986年","19000","山梨県","295",""
"1987年","19000","山梨県","308",""
"1988年","19000","山梨県","355",""
"1989年","19000","山梨県","355",""
"1990年","19000","山梨県","347",""
"1991年","19000","山梨県","359",""
"1992年","19000","山梨県","341",""
"1993年","19000","山梨県","306",""
"1994年","19000","山梨県","405",""
"1995年","19000","山梨県","387",""
"1996年","19000","山梨県","422",""
"1997年","19000","山梨県","337",""
"1998年","19000","山梨県","355",""
"1999年","19000","山梨県","336",""
"2000年","19000","山梨県","309",""
"2001年","19000","山梨県","249",""
"2002年","19000","山梨県","214",""
"2003年","19000","山梨県","159",""
"2004年","19000","山梨県","102",""
"2005年","19000","山梨県","103",""
"2006年","19000","山梨県","10",""
"2007年","19000","山梨県","10",""
"2008年","19000","山梨県","-","データが得られないことを示している。"
"2009年","19000","山梨県","-","データが得られないことを示している。"
"2010年","19000","山梨県","-","データが得られないことを示している。"
"2011年","19000","山梨県","-","データが得られないことを示している。"
"2012年","19000","山梨県","-","データが得られないことを示している。"
"2013年","19000","山梨県","-","データが得られないことを示している。"
"2014年","19000","山梨県","-","データが得られないことを示している。"
"2015年","19000","山梨県","-","データが得られないことを示している。"
"2016年","19000","山梨県","-","データが得られないことを示している。"
"2017年","19000","山梨県","-","データが得られないことを示している。"
"2018年","19000","山梨県","-","データが得られないことを示している。"
"2019年","19000","山梨県","-","データが得られないことを示している。"
"2020年","19000","山梨県","3",""
"2021年","19000","山梨県","5",""
"1975年","20000","長野県","1974",""
"1976年","20000","長野県","2104",""
"1977年","20000","長野県","2088",""
"1978年","20000","長野県","2155",""
"1979年","20000","長野県","2326",""
"1980年","20000","長野県","2194",""
"1981年","20000","長野県","2182",""
"1982年","20000","長野県","2114",""
"1983年","20000","長野県","1884",""
"1984年","20000","長野県","1603",""
"1985年","20000","長野県","1650",""
"1986年","20000","長野県","1804",""
"1987年","20000","長野県","1790",""
"1988年","20000","長野県","1607",""
"1989年","20000","長野県","1445",""
"1990年","20000","長野県","1454",""
"1991年","20000","長野県","1587",""
"1992年","20000","長野県","1568",""
"1993年","20000","長野県","1323",""
"1994年","20000","長野県","1494",""
"1995年","20000","長野県","1358",""
"1996年","20000","長野県","1453",""
"1997年","20000","長野県","1313",""
"1998年","20000","長野県","1204",""
"1999年","20000","長野県","1020",""
"2000年","20000","長野県","1015",""
"2001年","20000","長野県","927",""
"2002年","20000","長野県","965",""
"2003年","20000","長野県","862",""
"2004年","20000","長野県","672",""
"2005年","20000","長野県","626",""
"2006年","20000","長野県","300",""
"2007年","20000","長野県","249",""
"2008年","20000","長野県","109",""
"2009年","20000","長野県","179",""
"2010年","20000","長野県","159",""
"2011年","20000","長野県","133",""
"2012年","20000","長野県","120",""
"2013年","20000","長野県","165",""
"2014年","20000","長野県","143",""
"2015年","20000","長野県","139",""
"2016年","20000","長野県","156",""
"2017年","20000","長野県","158",""
"2018年","20000","長野県","116",""
"2019年","20000","長野県","86",""
"2020年","20000","長野県","50",""
"2021年","20000","長野県","42",""
"1975年","21000","岐阜県","2630",""
"1976年","21000","岐阜県","2596",""
"1977年","21000","岐阜県","2781",""
"1978年","21000","岐阜県","2812",""
"1979年","21000","岐阜県","3152",""
"1980年","21000","岐阜県","3291",""
"1981年","21000","岐阜県","3341",""
"1982年","21000","岐阜県","3116",""
"1983年","21000","岐阜県","3184",""
"1984年","21000","岐阜県","3255",""
"1985年","21000","岐阜県","3189",""
"1986年","21000","岐阜県","3497",""
"1987年","21000","岐阜県","3557",""
"1988年","21000","岐阜県","3628",""
"1989年","21000","岐阜県","3470",""
"1990年","21000","岐阜県","3448",""
"1991年","21000","岐阜県","3425",""
"1992年","21000","岐阜県","3391",""
"1993年","21000","岐阜県","2582",""
"1994年","21000","岐阜県","2803",""
"1995年","21000","岐阜県","2383",""
"1996年","21000","岐阜県","2322",""
"1997年","21000","岐阜県","2108",""
"1998年","21000","岐阜県","1838",""
"1999年","21000","岐阜県","1691",""
"2000年","21000","岐阜県","1654",""
"2001年","21000","岐阜県","1661",""
"2002年","21000","岐阜県","1365",""
"2003年","21000","岐阜県","1247",""
"2004年","21000","岐阜県","1077",""
"2005年","21000","岐阜県","1016",""
"2006年","21000","岐阜県","295",""
"2007年","21000","岐阜県","382",""
"2008年","21000","岐阜県","571",""
"2009年","21000","岐阜県","583",""
"2010年","21000","岐阜県","417",""
"2011年","21000","岐阜県","353",""
"2012年","21000","岐阜県","338",""
"2013年","21000","岐阜県","353",""
"2014年","21000","岐阜県","318",""
"2015年","21000","岐阜県","292",""
"2016年","21000","岐阜県","312",""
"2017年","21000","岐阜県","264",""
"2018年","21000","岐阜県","191",""
"2019年","21000","岐阜県","250",""
"2020年","21000","岐阜県","217",""
"2021年","21000","岐阜県","271",""
"1975年","22000","静岡県","227867",""
"1976年","22000","静岡県","272980",""
"1977年","22000","静岡県","264927",""
"1978年","22000","静岡県","283261",""
"1979年","22000","静岡県","264076",""
"1980年","22000","静岡県","286164",""
"1981年","22000","静岡県","258538",""
"1982年","22000","静岡県","258369",""
"1983年","22000","静岡県","295266",""
"1984年","22000","静岡県","332975",""
"1985年","22000","静岡県","316898",""
"1986年","22000","静岡県","363546",""
"1987年","22000","静岡県","372853",""
"1988年","22000","静岡県","367705",""
"1989年","22000","静岡県","328861",""
"1990年","22000","静岡県","304782",""
"1991年","22000","静岡県","285495",""
"1992年","22000","静岡県","275657",""
"1993年","22000","静岡県","251019",""
"1994年","22000","静岡県","283385",""
"1995年","22000","静岡県","252130",""
"1996年","22000","静岡県","248761",""
"1997年","22000","静岡県","270255",""
"1998年","22000","静岡県","263562",""
"1999年","22000","静岡県","236825",""
"2000年","22000","静岡県","242383",""
"2001年","22000","静岡県","184931",""
"2002年","22000","静岡県","178466",""
"2003年","22000","静岡県","193105",""
"2004年","22000","静岡県","207223",""
"2005年","22000","静岡県","227597",""
"2006年","22000","静岡県","217710",""
"2007年","22000","静岡県","213496",""
"2008年","22000","静岡県","193915",""
"2009年","22000","静岡県","186536",""
"2010年","22000","静岡県","203929",""
"2011年","22000","静岡県","195871",""
"2012年","22000","静岡県","220070",""
"2013年","22000","静岡県","197201",""
"2014年","22000","静岡県","197138",""
"2015年","22000","静岡県","206657",""
"2016年","22000","静岡県","192130",""
"2017年","22000","静岡県","202235",""
"2018年","22000","静岡県","195331",""
"2019年","22000","静岡県","-","データが得られないことを示している。"
"2020年","22000","静岡県","-","データが得られないことを示している。"
"2021年","22000","静岡県","206869",""
"1975年","23000","愛知県","67530",""
"1976年","23000","愛知県","79717",""
"1977年","23000","愛知県","101131",""
"1978年","23000","愛知県","130831",""
"1979年","23000","愛知県","112128",""
"1980年","23000","愛知県","150158",""
"1981年","23000","愛知県","106843",""
"1982年","23000","愛知県","115125",""
"1983年","23000","愛知県","90691",""
"1984年","23000","愛知県","110334",""
"1985年","23000","愛知県","107296",""
"1986年","23000","愛知県","96240",""
"1987年","23000","愛知県","118590",""
"1988年","23000","愛知県","105257",""
"1989年","23000","愛知県","103677",""
"1990年","23000","愛知県","88372",""
"1991年","23000","愛知県","85476",""
"1992年","23000","愛知県","87986",""
"1993年","23000","愛知県","98211",""
"1994年","23000","愛知県","57433",""
"1995年","23000","愛知県","59938",""
"1996年","23000","愛知県","71455",""
"1997年","23000","愛知県","57355",""
"1998年","23000","愛知県","63574",""
"1999年","23000","愛知県","75836",""
"2000年","23000","愛知県","66371",""
"2001年","23000","愛知県","71044",""
"2002年","23000","愛知県","62710",""
"2003年","23000","愛知県","72062",""
"2004年","23000","愛知県","60050",""
"2005年","23000","愛知県","63062",""
"2006年","23000","愛知県","68621",""
"2007年","23000","愛知県","76433",""
"2008年","23000","愛知県","90373",""
"2009年","23000","愛知県","70256",""
"2010年","23000","愛知県","81102",""
"2011年","23000","愛知県","77524",""
"2012年","23000","愛知県","75204",""
"2013年","23000","愛知県","81341",""
"2014年","23000","愛知県","81141",""
"2015年","23000","愛知県","72109",""
"2016年","23000","愛知県","77758",""
"2017年","23000","愛知県","70005",""
"2018年","23000","愛知県","61792",""
"2019年","23000","愛知県","59970",""
"2020年","23000","愛知県","53477",""
"2021年","23000","愛知県","52836",""
"1975年","24000","三重県","189230",""
"1976年","24000","三重県","227602",""
"1977年","24000","三重県","221236",""
"1978年","24000","三重県","226218",""
"1979年","24000","三重県","202493",""
"1980年","24000","三重県","223208",""
"1981年","24000","三重県","202284",""
"1982年","24000","三重県","233554",""
"1983年","24000","三重県","198692",""
"1984年","24000","三重県","277946",""
"1985年","24000","三重県","249727",""
"1986年","24000","三重県","241722",""
"1987年","24000","三重県","234995",""
"1988年","24000","三重県","214361",""
"1989年","24000","三重県","242006",""
"1990年","24000","三重県","201522",""
"1991年","24000","三重県","201979",""
"1992年","24000","三重県","194631",""
"1993年","24000","三重県","211486",""
"1994年","24000","三重県","178725",""
"1995年","24000","三重県","179112",""
"1996年","24000","三重県","162979",""
"1997年","24000","三重県","178268",""
"1998年","24000","三重県","156266",""
"1999年","24000","三重県","178116",""
"2000年","24000","三重県","164022",""
"2001年","24000","三重県","157637",""
"2002年","24000","三重県","158841",""
"2003年","24000","三重県","167217",""
"2004年","24000","三重県","150782",""
"2005年","24000","三重県","163322",""
"2006年","24000","三重県","188262",""
"2007年","24000","三重県","171292",""
"2008年","24000","三重県","173144",""
"2009年","24000","三重県","165377",""
"2010年","24000","三重県","185637",""
"2011年","24000","三重県","169458",""
"2012年","24000","三重県","182033",""
"2013年","24000","三重県","159730",""
"2014年","24000","三重県","184071",""
"2015年","24000","三重県","153947",""
"2016年","24000","三重県","170571",""
"2017年","24000","三重県","154852",""
"2018年","24000","三重県","132057",""
"2019年","24000","三重県","131104",""
"2020年","24000","三重県","124749",""
"2021年","24000","三重県","107431",""
"1975年","25000","滋賀県","6192",""
"1976年","25000","滋賀県","5687",""
"1977年","25000","滋賀県","5871",""
"1978年","25000","滋賀県","5838",""
"1979年","25000","滋賀県","5641",""
"1980年","25000","滋賀県","5538",""
"1981年","25000","滋賀県","5260",""
"1982年","25000","滋賀県","5422",""
"1983年","25000","滋賀県","5387",""
"1984年","25000","滋賀県","4136",""
"1985年","25000","滋賀県","4180",""
"1986年","25000","滋賀県","5061",""
"1987年","25000","滋賀県","5025",""
"1988年","25000","滋賀県","4588",""
"1989年","25000","滋賀県","5040",""
"1990年","25000","滋賀県","4832",""
"1991年","25000","滋賀県","4795",""
"1992年","25000","滋賀県","3999",""
"1993年","25000","滋賀県","3720",""
"1994年","25000","滋賀県","2697",""
"1995年","25000","滋賀県","2534",""
"1996年","25000","滋賀県","2214",""
"1997年","25000","滋賀県","2843",""
"1998年","25000","滋賀県","2472",""
"1999年","25000","滋賀県","2170",""
"2000年","25000","滋賀県","2249",""
"2001年","25000","滋賀県","2166",""
"2002年","25000","滋賀県","2596",""
"2003年","25000","滋賀県","2474",""
"2004年","25000","滋賀県","2601",""
"2005年","25000","滋賀県","2040",""
"2006年","25000","滋賀県","-","データが得られないことを示している。"
"2007年","25000","滋賀県","-","データが得られないことを示している。"
"2008年","25000","滋賀県","-","データが得られないことを示している。"
"2009年","25000","滋賀県","-","データが得られないことを示している。"
"2010年","25000","滋賀県","-","データが得られないことを示している。"
"2011年","25000","滋賀県","-","データが得られないことを示している。"
"2012年","25000","滋賀県","-","データが得られないことを示している。"
"2013年","25000","滋賀県","-","データが得られないことを示している。"
"2014年","25000","滋賀県","-","データが得られないことを示している。"
"2015年","25000","滋賀県","-","データが得られないことを示している。"
"2016年","25000","滋賀県","-","データが得られないことを示している。"
"2017年","25000","滋賀県","-","データが得られないことを示している。"
"2018年","25000","滋賀県","-","データが得られないことを示している。"
"2019年","25000","滋賀県","-","データが得られないことを示している。"
"2020年","25000","滋賀県","833",""
"2021年","25000","滋賀県","788",""
"1975年","26000","京都府","43037",""
"1976年","26000","京都府","39753",""
"1977年","26000","京都府","44735",""
"1978年","26000","京都府","38892",""
"1979年","26000","京都府","44658",""
"1980年","26000","京都府","47041",""
"1981年","26000","京都府","52054",""
"1982年","26000","京都府","61389",""
"1983年","26000","京都府","85937",""
"1984年","26000","京都府","85969",""
"1985年","26000","京都府","93572",""
"1986年","26000","京都府","88511",""
"1987年","26000","京都府","100129",""
"1988年","26000","京都府","106743",""
"1989年","26000","京都府","94734",""
"1990年","26000","京都府","83680",""
"1991年","26000","京都府","66121",""
"1992年","26000","京都府","56773",""
"1993年","26000","京都府","49317",""
"1994年","26000","京都府","43982",""
"1995年","26000","京都府","31011",""
"1996年","26000","京都府","25756",""
"1997年","26000","京都府","22340",""
"1998年","26000","京都府","19858",""
"1999年","26000","京都府","24078",""
"2000年","26000","京都府","19790",""
"2001年","26000","京都府","14450",""
"2002年","26000","京都府","14247",""
"2003年","26000","京都府","16836",""
"2004年","26000","京都府","15645",""
"2005年","26000","京都府","12661",""
"2006年","26000","京都府","15807",""
"2007年","26000","京都府","13803",""
"2008年","26000","京都府","12662",""
"2009年","26000","京都府","15486",""
"2010年","26000","京都府","11075",""
"2011年","26000","京都府","11065",""
"2012年","26000","京都府","11487",""
"2013年","26000","京都府","11120",""
"2014年","26000","京都府","10756",""
"2015年","26000","京都府","11599",""
"2016年","26000","京都府","10087",""
"2017年","26000","京都府","8688",""
"2018年","26000","京都府","11060",""
"2019年","26000","京都府","8569",""
"2020年","26000","京都府","9726",""
"2021年","26000","京都府","8513",""
"1975年","27000","大阪府","38565",""
"1976年","27000","大阪府","44056",""
"1977年","27000","大阪府","41368",""
"1978年","27000","大阪府","47012",""
"1979年","27000","大阪府","24714",""
"1980年","27000","大阪府","30830",""
"1981年","27000","大阪府","77083",""
"1982年","27000","大阪府","114989",""
"1983年","27000","大阪府","63367",""
"1984年","27000","大阪府","70154",""
"1985年","27000","大阪府","67579",""
"1986年","27000","大阪府","73760",""
"1987年","27000","大阪府","46681",""
"1988年","27000","大阪府","42452",""
"1989年","27000","大阪府","41219",""
"1990年","27000","大阪府","22610",""
"1991年","27000","大阪府","24641",""
"1992年","27000","大阪府","29341",""
"1993年","27000","大阪府","15410",""
"1994年","27000","大阪府","22001",""
"1995年","27000","大阪府","27453",""
"1996年","27000","大阪府","23245",""
"1997年","27000","大阪府","17301",""
"1998年","27000","大阪府","18737",""
"1999年","27000","大阪府","27850",""
"2000年","27000","大阪府","22138",""
"2001年","27000","大阪府","15563",""
"2002年","27000","大阪府","17414",""
"2003年","27000","大阪府","15327",""
"2004年","27000","大阪府","22482",""
"2005年","27000","大阪府","15803",""
"2006年","27000","大阪府","-","データが得られないことを示している。"
"2007年","27000","大阪府","20552",""
"2008年","27000","大阪府","20213",""
"2009年","27000","大阪府","19500",""
"2010年","27000","大阪府","22521",""
"2011年","27000","大阪府","19957",""
"2012年","27000","大阪府","21518",""
"2013年","27000","大阪府","17919",""
"2014年","27000","大阪府","18604",""
"2015年","27000","大阪府","16667",""
"2016年","27000","大阪府","18254",""
"2017年","27000","大阪府","19291",""
"2018年","27000","大阪府","8581",""
"2019年","27000","大阪府","14488",""
"2020年","27000","大阪府","14884",""
"2021年","27000","大阪府","17980",""
"1975年","28000","兵庫県","92813",""
"1976年","28000","兵庫県","113339",""
"1977年","28000","兵庫県","101456",""
"1978年","28000","兵庫県","100911",""
"1979年","28000","兵庫県","102721",""
"1980年","28000","兵庫県","116921",""
"1981年","28000","兵庫県","111542",""
"1982年","28000","兵庫県","102839",""
"1983年","28000","兵庫県","106572",""
"1984年","28000","兵庫県","94529",""
"1985年","28000","兵庫県","106879",""
"1986年","28000","兵庫県","102279",""
"1987年","28000","兵庫県","103570",""
"1988年","28000","兵庫県","88606",""
"1989年","28000","兵庫県","85091",""
"1990年","28000","兵庫県","91425",""
"1991年","28000","兵庫県","98818",""
"1992年","28000","兵庫県","95882",""
"1993年","28000","兵庫県","88129",""
"1994年","28000","兵庫県","88855",""
"1995年","28000","兵庫県","98828",""
"1996年","28000","兵庫県","81837",""
"1997年","28000","兵庫県","71658",""
"1998年","28000","兵庫県","80372",""
"1999年","28000","兵庫県","81226",""
"2000年","28000","兵庫県","66938",""
"2001年","28000","兵庫県","79047",""
"2002年","28000","兵庫県","73012",""
"2003年","28000","兵庫県","81904",""
"2004年","28000","兵庫県","56688",""
"2005年","28000","兵庫県","57081",""
"2006年","28000","兵庫県","63561",""
"2007年","28000","兵庫県","54701",""
"2008年","28000","兵庫県","60401",""
"2009年","28000","兵庫県","-","データが得られないことを示している。"
"2010年","28000","兵庫県","-","データが得られないことを示している。"
"2011年","28000","兵庫県","-","データが得られないことを示している。"
"2012年","28000","兵庫県","-","データが得られないことを示している。"
"2013年","28000","兵庫県","-","データが得られないことを示している。"
"2014年","28000","兵庫県","56594",""
"2015年","28000","兵庫県","54440",""
"2016年","28000","兵庫県","55886",""
"2017年","28000","兵庫県","41053",""
"2018年","28000","兵庫県","-","データが得られないことを示している。"
"2019年","28000","兵庫県","-","データが得られないことを示している。"
"2020年","28000","兵庫県","41598",""
"2021年","28000","兵庫県","48238",""
"1975年","29000","奈良県","455",""
"1976年","29000","奈良県","492",""
"1977年","29000","奈良県","513",""
"1978年","29000","奈良県","518",""
"1979年","29000","奈良県","505",""
"1980年","29000","奈良県","509",""
"1981年","29000","奈良県","452",""
"1982年","29000","奈良県","415",""
"1983年","29000","奈良県","526",""
"1984年","29000","奈良県","528",""
"1985年","29000","奈良県","509",""
"1986年","29000","奈良県","471",""
"1987年","29000","奈良県","517",""
"1988年","29000","奈良県","531",""
"1989年","29000","奈良県","537",""
"1990年","29000","奈良県","520",""
"1991年","29000","奈良県","504",""
"1992年","29000","奈良県","505",""
"1993年","29000","奈良県","367",""
"1994年","29000","奈良県","316",""
"1995年","29000","奈良県","293",""
"1996年","29000","奈良県","315",""
"1997年","29000","奈良県","342",""
"1998年","29000","奈良県","327",""
"1999年","29000","奈良県","328",""
"2000年","29000","奈良県","271",""
"2001年","29000","奈良県","296",""
"2002年","29000","奈良県","227",""
"2003年","29000","奈良県","181",""
"2004年","29000","奈良県","170",""
"2005年","29000","奈良県","160",""
"2006年","29000","奈良県","0","データが「０」又は指定した単位に満たないことを示している。"
"2007年","29000","奈良県","-","データが得られないことを示している。"
"2008年","29000","奈良県","-","データが得られないことを示している。"
"2009年","29000","奈良県","0","データが「０」又は指定した単位に満たないことを示している。"
"2010年","29000","奈良県","0","データが「０」又は指定した単位に満たないことを示している。"
"2011年","29000","奈良県","0","データが「０」又は指定した単位に満たないことを示している。"
"2012年","29000","奈良県","0","データが「０」又は指定した単位に満たないことを示している。"
"2013年","29000","奈良県","0","データが「０」又は指定した単位に満たないことを示している。"
"2014年","29000","奈良県","0","データが「０」又は指定した単位に満たないことを示している。"
"2015年","29000","奈良県","0","データが「０」又は指定した単位に満たないことを示している。"
"2016年","29000","奈良県","0","データが「０」又は指定した単位に満たないことを示している。"
"2017年","29000","奈良県","0","データが「０」又は指定した単位に満たないことを示している。"
"2018年","29000","奈良県","0","データが「０」又は指定した単位に満たないことを示している。"
"2019年","29000","奈良県","0","データが「０」又は指定した単位に満たないことを示している。"
"2020年","29000","奈良県","0","データが「０」又は指定した単位に満たないことを示している。"
"2021年","29000","奈良県","0","データが「０」又は指定した単位に満たないことを示している。"
"1975年","30000","和歌山県","67591",""
"1976年","30000","和歌山県","72276",""
"1977年","30000","和歌山県","71146",""
"1978年","30000","和歌山県","68739",""
"1979年","30000","和歌山県","61859",""
"1980年","30000","和歌山県","69502",""
"1981年","30000","和歌山県","75883",""
"1982年","30000","和歌山県","72795",""
"1983年","30000","和歌山県","68638",""
"1984年","30000","和歌山県","72539",""
"1985年","30000","和歌山県","73121",""
"1986年","30000","和歌山県","81212",""
"1987年","30000","和歌山県","65735",""
"1988年","30000","和歌山県","71834",""
"1989年","30000","和歌山県","68247",""
"1990年","30000","和歌山県","66302",""
"1991年","30000","和歌山県","70060",""
"1992年","30000","和歌山県","62948",""
"1993年","30000","和歌山県","65781",""
"1994年","30000","和歌山県","61890",""
"1995年","30000","和歌山県","66214",""
"1996年","30000","和歌山県","58716",""
"1997年","30000","和歌山県","56188",""
"1998年","30000","和歌山県","55300",""
"1999年","30000","和歌山県","51056",""
"2000年","30000","和歌山県","48700",""
"2001年","30000","和歌山県","42381",""
"2002年","30000","和歌山県","39460",""
"2003年","30000","和歌山県","39527",""
"2004年","30000","和歌山県","33140",""
"2005年","30000","和歌山県","29700",""
"2006年","30000","和歌山県","38812",""
"2007年","30000","和歌山県","34008",""
"2008年","30000","和歌山県","33160",""
"2009年","30000","和歌山県","27331",""
"2010年","30000","和歌山県","28604",""
"2011年","30000","和歌山県","28367",""
"2012年","30000","和歌山県","24902",""
"2013年","30000","和歌山県","23643",""
"2014年","30000","和歌山県","22362",""
"2015年","30000","和歌山県","22908",""
"2016年","30000","和歌山県","22174",""
"2017年","30000","和歌山県","18808",""
"2018年","30000","和歌山県","15206",""
"2019年","30000","和歌山県","13760",""
"2020年","30000","和歌山県","13072",""
"2021年","30000","和歌山県","16766",""
"1975年","31000","鳥取県","156818",""
"1976年","31000","鳥取県","158034",""
"1977年","31000","鳥取県","222034",""
"1978年","31000","鳥取県","170790",""
"1979年","31000","鳥取県","213723",""
"1980年","31000","鳥取県","210096",""
"1981年","31000","鳥取県","228348",""
"1982年","31000","鳥取県","216477",""
"1983年","31000","鳥取県","258206",""
"1984年","31000","鳥取県","326232",""
"1985年","31000","鳥取県","328566",""
"1986年","31000","鳥取県","428750",""
"1987年","31000","鳥取県","432696",""
"1988年","31000","鳥取県","430142",""
"1989年","31000","鳥取県","417614",""
"1990年","31000","鳥取県","344020",""
"1991年","31000","鳥取県","324537",""
"1992年","31000","鳥取県","282581",""
"1993年","31000","鳥取県","376366",""
"1994年","31000","鳥取県","283981",""
"1995年","31000","鳥取県","157325",""
"1996年","31000","鳥取県","159628",""
"1997年","31000","鳥取県","79704",""
"1998年","31000","鳥取県","89782",""
"1999年","31000","鳥取県","77432",""
"2000年","31000","鳥取県","78684",""
"2001年","31000","鳥取県","72713",""
"2002年","31000","鳥取県","57749",""
"2003年","31000","鳥取県","77814",""
"2004年","31000","鳥取県","60460",""
"2005年","31000","鳥取県","59865",""
"2006年","31000","鳥取県","-","データが得られないことを示している。"
"2007年","31000","鳥取県","-","データが得られないことを示している。"
"2008年","31000","鳥取県","-","データが得られないことを示している。"
"2009年","31000","鳥取県","56632",""
"2010年","31000","鳥取県","66150",""
"2011年","31000","鳥取県","62844",""
"2012年","31000","鳥取県","56917",""
"2013年","31000","鳥取県","56469",""
"2014年","31000","鳥取県","67429",""
"2015年","31000","鳥取県","73696",""
"2016年","31000","鳥取県","73015",""
"2017年","31000","鳥取県","74316",""
"2018年","31000","鳥取県","83225",""
"2019年","31000","鳥取県","82279",""
"2020年","31000","鳥取県","91683",""
"2021年","31000","鳥取県","85394",""
"1975年","32000","島根県","220058",""
"1976年","32000","島根県","257914",""
"1977年","32000","島根県","272434",""
"1978年","32000","島根県","216755",""
"1979年","32000","島根県","269332",""
"1980年","32000","島根県","291132",""
"1981年","32000","島根県","299386",""
"1982年","32000","島根県","330441",""
"1983年","32000","島根県","387192",""
"1984年","32000","島根県","435588",""
"1985年","32000","島根県","393455",""
"1986年","32000","島根県","533597",""
"1987年","32000","島根県","501337",""
"1988年","32000","島根県","557776",""
"1989年","32000","島根県","573607",""
"1990年","32000","島根県","383088",""
"1991年","32000","島根県","385042",""
"1992年","32000","島根県","357294",""
"1993年","32000","島根県","370435",""
"1994年","32000","島根県","415848",""
"1995年","32000","島根県","260653",""
"1996年","32000","島根県","227652",""
"1997年","32000","島根県","154755",""
"1998年","32000","島根県","212196",""
"1999年","32000","島根県","179833",""
"2000年","32000","島根県","149586",""
"2001年","32000","島根県","105744",""
"2002年","32000","島根県","110214",""
"2003年","32000","島根県","130984",""
"2004年","32000","島根県","129484",""
"2005年","32000","島根県","110912",""
"2006年","32000","島根県","116068",""
"2007年","32000","島根県","132660",""
"2008年","32000","島根県","118334",""
"2009年","32000","島根県","132831",""
"2010年","32000","島根県","124909",""
"2011年","32000","島根県","156706",""
"2012年","32000","島根県","124005",""
"2013年","32000","島根県","141734",""
"2014年","32000","島根県","120752",""
"2015年","32000","島根県","124020",""
"2016年","32000","島根県","113594",""
"2017年","32000","島根県","136948",""
"2018年","32000","島根県","117344",""
"2019年","32000","島根県","84312",""
"2020年","32000","島根県","93485",""
"2021年","32000","島根県","93171",""
"1975年","33000","岡山県","20596",""
"1976年","33000","岡山県","18105",""
"1977年","33000","岡山県","16451",""
"1978年","33000","岡山県","16514",""
"1979年","33000","岡山県","16640",""
"1980年","33000","岡山県","15074",""
"1981年","33000","岡山県","15784",""
"1982年","33000","岡山県","13636",""
"1983年","33000","岡山県","13125",""
"1984年","33000","岡山県","13591",""
"1985年","33000","岡山県","12404",""
"1986年","33000","岡山県","12587",""
"1987年","33000","岡山県","11365",""
"1988年","33000","岡山県","11718",""
"1989年","33000","岡山県","11625",""
"1990年","33000","岡山県","11028",""
"1991年","33000","岡山県","10706",""
"1992年","33000","岡山県","10769",""
"1993年","33000","岡山県","9973",""
"1994年","33000","岡山県","9130",""
"1995年","33000","岡山県","9443",""
"1996年","33000","岡山県","8905",""
"1997年","33000","岡山県","8861",""
"1998年","33000","岡山県","8308",""
"1999年","33000","岡山県","7182",""
"2000年","33000","岡山県","7740",""
"2001年","33000","岡山県","8149",""
"2002年","33000","岡山県","7544",""
"2003年","33000","岡山県","7541",""
"2004年","33000","岡山県","7394",""
"2005年","33000","岡山県","7642",""
"2006年","33000","岡山県","7600",""
"2007年","33000","岡山県","7120",""
"2008年","33000","岡山県","7830",""
"2009年","33000","岡山県","6123",""
"2010年","33000","岡山県","6658",""
"2011年","33000","岡山県","5102",""
"2012年","33000","岡山県","5648",""
"2013年","33000","岡山県","4796",""
"2014年","33000","岡山県","4439",""
"2015年","33000","岡山県","4862",""
"2016年","33000","岡山県","4361",""
"2017年","33000","岡山県","3906",""
"2018年","33000","岡山県","3457",""
"2019年","33000","岡山県","3517",""
"2020年","33000","岡山県","2829",""
"2021年","33000","岡山県","2988",""
"1975年","34000","広島県","24437",""
"1976年","34000","広島県","25865",""
"1977年","34000","広島県","25848",""
"1978年","34000","広島県","24758",""
"1979年","34000","広島県","29418",""
"1980年","34000","広島県","30250",""
"1981年","34000","広島県","32155",""
"1982年","34000","広島県","36126",""
"1983年","34000","広島県","31093",""
"1984年","34000","広島県","32984",""
"1985年","34000","広島県","36211",""
"1986年","34000","広島県","32130",""
"1987年","34000","広島県","27463",""
"1988年","34000","広島県","39602",""
"1989年","34000","広島県","30883",""
"1990年","34000","広島県","28642",""
"1991年","34000","広島県","29497",""
"1992年","34000","広島県","28494",""
"1993年","34000","広島県","24808",""
"1994年","34000","広島県","21075",""
"1995年","34000","広島県","25436",""
"1996年","34000","広島県","19992",""
"1997年","34000","広島県","19861",""
"1998年","34000","広島県","18927",""
"1999年","34000","広島県","19555",""
"2000年","34000","広島県","21752",""
"2001年","34000","広島県","24191",""
"2002年","34000","広島県","26014",""
"2003年","34000","広島県","23629",""
"2004年","34000","広島県","18447",""
"2005年","34000","広島県","21779",""
"2006年","34000","広島県","19036",""
"2007年","34000","広島県","18767",""
"2008年","34000","広島県","18539",""
"2009年","34000","広島県","18169",""
"2010年","34000","広島県","15192",""
"2011年","34000","広島県","17029",""
"2012年","34000","広島県","18893",""
"2013年","34000","広島県","18907",""
"2014年","34000","広島県","18102",""
"2015年","34000","広島県","17609",""
"2016年","34000","広島県","16695",""
"2017年","34000","広島県","16127",""
"2018年","34000","広島県","15677",""
"2019年","34000","広島県","13956",""
"2020年","34000","広島県","18975",""
"2021年","34000","広島県","18120",""
"1975年","35000","山口県","281457",""
"1976年","35000","山口県","262936",""
"1977年","35000","山口県","284248",""
"1978年","35000","山口県","273321",""
"1979年","35000","山口県","286853",""
"1980年","35000","山口県","268283",""
"1981年","35000","山口県","226543",""
"1982年","35000","山口県","215328",""
"1983年","35000","山口県","261080",""
"1984年","35000","山口県","290639",""
"1985年","35000","山口県","221052",""
"1986年","35000","山口県","218767",""
"1987年","35000","山口県","207998",""
"1988年","35000","山口県","227025",""
"1989年","35000","山口県","223236",""
"1990年","35000","山口県","205133",""
"1991年","35000","山口県","164235",""
"1992年","35000","山口県","130319",""
"1993年","35000","山口県","122641",""
"1994年","35000","山口県","118403",""
"1995年","35000","山口県","88876",""
"1996年","35000","山口県","92027",""
"1997年","35000","山口県","80595",""
"1998年","35000","山口県","80105",""
"1999年","35000","山口県","68755",""
"2000年","35000","山口県","60523",""
"2001年","35000","山口県","58721",""
"2002年","35000","山口県","55228",""
"2003年","35000","山口県","53207",""
"2004年","35000","山口県","49281",""
"2005年","35000","山口県","49706",""
"2006年","35000","山口県","48148",""
"2007年","35000","山口県","50780",""
"2008年","35000","山口県","46578",""
"2009年","35000","山口県","43673",""
"2010年","35000","山口県","42825",""
"2011年","35000","山口県","37758",""
"2012年","35000","山口県","29642",""
"2013年","35000","山口県","28998",""
"2014年","35000","山口県","27898",""
"2015年","35000","山口県","28994",""
"2016年","35000","山口県","26671",""
"2017年","35000","山口県","25804",""
"2018年","35000","山口県","25553",""
"2019年","35000","山口県","22467",""
"2020年","35000","山口県","22826",""
"2021年","35000","山口県","20555",""
"1975年","36000","徳島県","49753",""
"1976年","36000","徳島県","43967",""
"1977年","36000","徳島県","47687",""
"1978年","36000","徳島県","67454",""
"1979年","36000","徳島県","70666",""
"1980年","36000","徳島県","65614",""
"1981年","36000","徳島県","54936",""
"1982年","36000","徳島県","45135",""
"1983年","36000","徳島県","44032",""
"1984年","36000","徳島県","51429",""
"1985年","36000","徳島県","51476",""
"1986年","36000","徳島県","50992",""
"1987年","36000","徳島県","46997",""
"1988年","36000","徳島県","44323",""
"1989年","36000","徳島県","41853",""
"1990年","36000","徳島県","36364",""
"1991年","36000","徳島県","34580",""
"1992年","36000","徳島県","34382",""
"1993年","36000","徳島県","30400",""
"1994年","36000","徳島県","25527",""
"1995年","36000","徳島県","29696",""
"1996年","36000","徳島県","23627",""
"1997年","36000","徳島県","25691",""
"1998年","36000","徳島県","20870",""
"1999年","36000","徳島県","27224",""
"2000年","36000","徳島県","26092",""
"2001年","36000","徳島県","22222",""
"2002年","36000","徳島県","23635",""
"2003年","36000","徳島県","20433",""
"2004年","36000","徳島県","20769",""
"2005年","36000","徳島県","17679",""
"2006年","36000","徳島県","15026",""
"2007年","36000","徳島県","15166",""
"2008年","36000","徳島県","14760",""
"2009年","36000","徳島県","14288",""
"2010年","36000","徳島県","12632",""
"2011年","36000","徳島県","13803",""
"2012年","36000","徳島県","14683",""
"2013年","36000","徳島県","13368",""
"2014年","36000","徳島県","11723",""
"2015年","36000","徳島県","10644",""
"2016年","36000","徳島県","10472",""
"2017年","36000","徳島県","10701",""
"2018年","36000","徳島県","10025",""
"2019年","36000","徳島県","9707",""
"2020年","36000","徳島県","9401",""
"2021年","36000","徳島県","11009",""
"1975年","37000","香川県","54830",""
"1976年","37000","香川県","71442",""
"1977年","37000","香川県","63687",""
"1978年","37000","香川県","65784",""
"1979年","37000","香川県","70011",""
"1980年","37000","香川県","66739",""
"1981年","37000","香川県","62851",""
"1982年","37000","香川県","53018",""
"1983年","37000","香川県","51719",""
"1984年","37000","香川県","50652",""
"1985年","37000","香川県","58886",""
"1986年","37000","香川県","59053",""
"1987年","37000","香川県","43551",""
"1988年","37000","香川県","50382",""
"1989年","37000","香川県","38532",""
"1990年","37000","香川県","38247",""
"1991年","37000","香川県","41351",""
"1992年","37000","香川県","36639",""
"1993年","37000","香川県","29008",""
"1994年","37000","香川県","25150",""
"1995年","37000","香川県","21101",""
"1996年","37000","香川県","21647",""
"1997年","37000","香川県","22673",""
"1998年","37000","香川県","21165",""
"1999年","37000","香川県","20227",""
"2000年","37000","香川県","23418",""
"2001年","37000","香川県","21813",""
"2002年","37000","香川県","23735",""
"2003年","37000","香川県","26334",""
"2004年","37000","香川県","20214",""
"2005年","37000","香川県","23692",""
"2006年","37000","香川県","22844",""
"2007年","37000","香川県","20635",""
"2008年","37000","香川県","23252",""
"2009年","37000","香川県","24443",""
"2010年","37000","香川県","19559",""
"2011年","37000","香川県","17359",""
"2012年","37000","香川県","18865",""
"2013年","37000","香川県","18810",""
"2014年","37000","香川県","14160",""
"2015年","37000","香川県","17213",""
"2016年","37000","香川県","18221",""
"2017年","37000","香川県","16373",""
"2018年","37000","香川県","18917",""
"2019年","37000","香川県","15855",""
"2020年","37000","香川県","12113",""
"2021年","37000","香川県","10089",""
"1975年","38000","愛媛県","153126",""
"1976年","38000","愛媛県","166356",""
"1977年","38000","愛媛県","163915",""
"1978年","38000","愛媛県","171048",""
"1979年","38000","愛媛県","143461",""
"1980年","38000","愛媛県","166040",""
"1981年","38000","愛媛県","140662",""
"1982年","38000","愛媛県","169265",""
"1983年","38000","愛媛県","180845",""
"1984年","38000","愛媛県","192874",""
"1985年","38000","愛媛県","177462",""
"1986年","38000","愛媛県","164560",""
"1987年","38000","愛媛県","141652",""
"1988年","38000","愛媛県","158634",""
"1989年","38000","愛媛県","138543",""
"1990年","38000","愛媛県","124847",""
"1991年","38000","愛媛県","136361",""
"1992年","38000","愛媛県","113887",""
"1993年","38000","愛媛県","114027",""
"1994年","38000","愛媛県","108211",""
"1995年","38000","愛媛県","103991",""
"1996年","38000","愛媛県","109927",""
"1997年","38000","愛媛県","111632",""
"1998年","38000","愛媛県","107728",""
"1999年","38000","愛媛県","97014",""
"2000年","38000","愛媛県","93259",""
"2001年","38000","愛媛県","90777",""
"2002年","38000","愛媛県","90968",""
"2003年","38000","愛媛県","93959",""
"2004年","38000","愛媛県","90139",""
"2005年","38000","愛媛県","97217",""
"2006年","38000","愛媛県","91990",""
"2007年","38000","愛媛県","97860",""
"2008年","38000","愛媛県","94750",""
"2009年","38000","愛媛県","75192",""
"2010年","38000","愛媛県","75289",""
"2011年","38000","愛媛県","72999",""
"2012年","38000","愛媛県","82730",""
"2013年","38000","愛媛県","77334",""
"2014年","38000","愛媛県","71233",""
"2015年","38000","愛媛県","81880",""
"2016年","38000","愛媛県","82515",""
"2017年","38000","愛媛県","79867",""
"2018年","38000","愛媛県","75651",""
"2019年","38000","愛媛県","74621",""
"2020年","38000","愛媛県","81312",""
"2021年","38000","愛媛県","76741",""
"1975年","39000","高知県","107233",""
"1976年","39000","高知県","115627",""
"1977年","39000","高知県","105134",""
"1978年","39000","高知県","111199",""
"1979年","39000","高知県","109785",""
"1980年","39000","高知県","128775",""
"1981年","39000","高知県","107007",""
"1982年","39000","高知県","133099",""
"1983年","39000","高知県","137217",""
"1984年","39000","高知県","171792",""
"1985年","39000","高知県","132951",""
"1986年","39000","高知県","147286",""
"1987年","39000","高知県","133451",""
"1988年","39000","高知県","134439",""
"1989年","39000","高知県","124657",""
"1990年","39000","高知県","119840",""
"1991年","39000","高知県","134298",""
"1992年","39000","高知県","114259",""
"1993年","39000","高知県","128328",""
"1994年","39000","高知県","106423",""
"1995年","39000","高知県","116383",""
"1996年","39000","高知県","107235",""
"1997年","39000","高知県","121635",""
"1998年","39000","高知県","108226",""
"1999年","39000","高知県","108822",""
"2000年","39000","高知県","110349",""
"2001年","39000","高知県","101788",""
"2002年","39000","高知県","94570",""
"2003年","39000","高知県","100434",""
"2004年","39000","高知県","93958",""
"2005年","39000","高知県","104716",""
"2006年","39000","高知県","90047",""
"2007年","39000","高知県","103525",""
"2008年","39000","高知県","95210",""
"2009年","39000","高知県","82390",""
"2010年","39000","高知県","83657",""
"2011年","39000","高知県","83266",""
"2012年","39000","高知県","84547",""
"2013年","39000","高知県","79751",""
"2014年","39000","高知県","74305",""
"2015年","39000","高知県","79651",""
"2016年","39000","高知県","66251",""
"2017年","39000","高知県","65751",""
"2018年","39000","高知県","73358",""
"2019年","39000","高知県","62914",""
"2020年","39000","高知県","64664",""
"2021年","39000","高知県","63813",""
"1975年","40000","福岡県","362297",""
"1976年","40000","福岡県","407105",""
"1977年","40000","福岡県","410644",""
"1978年","40000","福岡県","348291",""
"1979年","40000","福岡県","296780",""
"1980年","40000","福岡県","330742",""
"1981年","40000","福岡県","339075",""
"1982年","40000","福岡県","295906",""
"1983年","40000","福岡県","323910",""
"1984年","40000","福岡県","322258",""
"1985年","40000","福岡県","296258",""
"1986年","40000","福岡県","290554",""
"1987年","40000","福岡県","328892",""
"1988年","40000","福岡県","346409",""
"1989年","40000","福岡県","322299",""
"1990年","40000","福岡県","239610",""
"1991年","40000","福岡県","193752",""
"1992年","40000","福岡県","196724",""
"1993年","40000","福岡県","165259",""
"1994年","40000","福岡県","67329",""
"1995年","40000","福岡県","63215",""
"1996年","40000","福岡県","71323",""
"1997年","40000","福岡県","55620",""
"1998年","40000","福岡県","60704",""
"1999年","40000","福岡県","47681",""
"2000年","40000","福岡県","40510",""
"2001年","40000","福岡県","39902",""
"2002年","40000","福岡県","46917",""
"2003年","40000","福岡県","47847",""
"2004年","40000","福岡県","48189",""
"2005年","40000","福岡県","43101",""
"2006年","40000","福岡県","44021",""
"2007年","40000","福岡県","51615",""
"2008年","40000","福岡県","43352",""
"2009年","40000","福岡県","44465",""
"2010年","40000","福岡県","47675",""
"2011年","40000","福岡県","52658",""
"2012年","40000","福岡県","47180",""
"2013年","40000","福岡県","44778",""
"2014年","40000","福岡県","27753",""
"2015年","40000","福岡県","35241",""
"2016年","40000","福岡県","26182",""
"2017年","40000","福岡県","25692",""
"2018年","40000","福岡県","29283",""
"2019年","40000","福岡県","18369",""
"2020年","40000","福岡県","16464",""
"2021年","40000","福岡県","23736",""
"1975年","41000","佐賀県","43075",""
"1976年","41000","佐賀県","46234",""
"1977年","41000","佐賀県","40260",""
"1978年","41000","佐賀県","44836",""
"1979年","41000","佐賀県","60856",""
"1980年","41000","佐賀県","55810",""
"1981年","41000","佐賀県","49904",""
"1982年","41000","佐賀県","51495",""
"1983年","41000","佐賀県","47786",""
"1984年","41000","佐賀県","41625",""
"1985年","41000","佐賀県","42601",""
"1986年","41000","佐賀県","41676",""
"1987年","41000","佐賀県","46682",""
"1988年","41000","佐賀県","52185",""
"1989年","41000","佐賀県","59312",""
"1990年","41000","佐賀県","53772",""
"1991年","41000","佐賀県","47274",""
"1992年","41000","佐賀県","39546",""
"1993年","41000","佐賀県","45341",""
"1994年","41000","佐賀県","47352",""
"1995年","41000","佐賀県","35583",""
"1996年","41000","佐賀県","38631",""
"1997年","41000","佐賀県","28184",""
"1998年","41000","佐賀県","24930",""
"1999年","41000","佐賀県","21882",""
"2000年","41000","佐賀県","17892",""
"2001年","41000","佐賀県","15484",""
"2002年","41000","佐賀県","22642",""
"2003年","41000","佐賀県","20751",""
"2004年","41000","佐賀県","16069",""
"2005年","41000","佐賀県","21114",""
"2006年","41000","佐賀県","13282",""
"2007年","41000","佐賀県","18234",""
"2008年","41000","佐賀県","14718",""
"2009年","41000","佐賀県","13977",""
"2010年","41000","佐賀県","18730",""
"2011年","41000","佐賀県","14272",""
"2012年","41000","佐賀県","16889",""
"2013年","41000","佐賀県","17981",""
"2014年","41000","佐賀県","13765",""
"2015年","41000","佐賀県","18010",""
"2016年","41000","佐賀県","10182",""
"2017年","41000","佐賀県","8053",""
"2018年","41000","佐賀県","8410",""
"2019年","41000","佐賀県","9730",""
"2020年","41000","佐賀県","6536",""
"2021年","41000","佐賀県","8143",""
"1975年","42000","長崎県","693201",""
"1976年","42000","長崎県","681769",""
"1977年","42000","長崎県","857415",""
"1978年","42000","長崎県","899666",""
"1979年","42000","長崎県","953263",""
"1980年","42000","長崎県","858477",""
"1981年","42000","長崎県","802673",""
"1982年","42000","長崎県","833030",""
"1983年","42000","長崎県","767338",""
"1984年","42000","長崎県","869300",""
"1985年","42000","長崎県","836670",""
"1986年","42000","長崎県","843767",""
"1987年","42000","長崎県","751773",""
"1988年","42000","長崎県","933372",""
"1989年","42000","長崎県","811269",""
"1990年","42000","長崎県","837229",""
"1991年","42000","長崎県","791989",""
"1992年","42000","長崎県","686280",""
"1993年","42000","長崎県","655055",""
"1994年","42000","長崎県","643736",""
"1995年","42000","長崎県","504840",""
"1996年","42000","長崎県","515612",""
"1997年","42000","長崎県","432231",""
"1998年","42000","長崎県","382646",""
"1999年","42000","長崎県","350536",""
"2000年","42000","長崎県","317686",""
"2001年","42000","長崎県","299968",""
"2002年","42000","長崎県","278477",""
"2003年","42000","長崎県","287028",""
"2004年","42000","長崎県","287202",""
"2005年","42000","長崎県","305424",""
"2006年","42000","長崎県","271867",""
"2007年","42000","長崎県","300059",""
"2008年","42000","長崎県","302844",""
"2009年","42000","長崎県","267851",""
"2010年","42000","長崎県","253117",""
"2011年","42000","長崎県","270052",""
"2012年","42000","長崎県","245565",""
"2013年","42000","長崎県","244050",""
"2014年","42000","長崎県","240390",""
"2015年","42000","長崎県","295998",""
"2016年","42000","長崎県","286490",""
"2017年","42000","長崎県","317069",""
"2018年","42000","長崎県","290591",""
"2019年","42000","長崎県","250771",""
"2020年","42000","長崎県","228051",""
"2021年","42000","長崎県","247359",""
"1975年","43000","熊本県","89270",""
"1976年","43000","熊本県","122476",""
"1977年","43000","熊本県","134317",""
"1978年","43000","熊本県","126335",""
"1979年","43000","熊本県","126822",""
"1980年","43000","熊本県","128024",""
"1981年","43000","熊本県","104210",""
"1982年","43000","熊本県","117466",""
"1983年","43000","熊本県","95701",""
"1984年","43000","熊本県","101342",""
"1985年","43000","熊本県","92169",""
"1986年","43000","熊本県","88709",""
"1987年","43000","熊本県","75036",""
"1988年","43000","熊本県","77363",""
"1989年","43000","熊本県","76309",""
"1990年","43000","熊本県","96815",""
"1991年","43000","熊本県","73049",""
"1992年","43000","熊本県","71623",""
"1993年","43000","熊本県","55588",""
"1994年","43000","熊本県","46347",""
"1995年","43000","熊本県","43875",""
"1996年","43000","熊本県","41470",""
"1997年","43000","熊本県","39484",""
"1998年","43000","熊本県","30477",""
"1999年","43000","熊本県","30013",""
"2000年","43000","熊本県","28195",""
"2001年","43000","熊本県","28195",""
"2002年","43000","熊本県","25664",""
"2003年","43000","熊本県","28147",""
"2004年","43000","熊本県","26705",""
"2005年","43000","熊本県","30463",""
"2006年","43000","熊本県","24906",""
"2007年","43000","熊本県","25459",""
"2008年","43000","熊本県","28177",""
"2009年","43000","熊本県","21060",""
"2010年","43000","熊本県","21497",""
"2011年","43000","熊本県","22648",""
"2012年","43000","熊本県","21840",""
"2013年","43000","熊本県","21864",""
"2014年","43000","熊本県","20290",""
"2015年","43000","熊本県","20410",""
"2016年","43000","熊本県","18425",""
"2017年","43000","熊本県","18204",""
"2018年","43000","熊本県","18111",""
"2019年","43000","熊本県","15594",""
"2020年","43000","熊本県","13115",""
"2021年","43000","熊本県","11869",""
"1975年","44000","大分県","72287",""
"1976年","44000","大分県","87521",""
"1977年","44000","大分県","96092",""
"1978年","44000","大分県","106147",""
"1979年","44000","大分県","112878",""
"1980年","44000","大分県","120335",""
"1981年","44000","大分県","120676",""
"1982年","44000","大分県","131263",""
"1983年","44000","大分県","123192",""
"1984年","44000","大分県","130670",""
"1985年","44000","大分県","153995",""
"1986年","44000","大分県","131936",""
"1987年","44000","大分県","137789",""
"1988年","44000","大分県","130541",""
"1989年","44000","大分県","125971",""
"1990年","44000","大分県","127224",""
"1991年","44000","大分県","98634",""
"1992年","44000","大分県","83774",""
"1993年","44000","大分県","85772",""
"1994年","44000","大分県","76242",""
"1995年","44000","大分県","70652",""
"1996年","44000","大分県","80879",""
"1997年","44000","大分県","73261",""
"1998年","44000","大分県","63629",""
"1999年","44000","大分県","59371",""
"2000年","44000","大分県","62464",""
"2001年","44000","大分県","56531",""
"2002年","44000","大分県","48959",""
"2003年","44000","大分県","48160",""
"2004年","44000","大分県","43301",""
"2005年","44000","大分県","53850",""
"2006年","44000","大分県","48810",""
"2007年","44000","大分県","45465",""
"2008年","44000","大分県","43338",""
"2009年","44000","大分県","38881",""
"2010年","44000","大分県","39246",""
"2011年","44000","大分県","38716",""
"2012年","44000","大分県","40812",""
"2013年","44000","大分県","36333",""
"2014年","44000","大分県","41702",""
"2015年","44000","大分県","35547",""
"2016年","44000","大分県","35385",""
"2017年","44000","大分県","31945",""
"2018年","44000","大分県","31690",""
"2019年","44000","大分県","30941",""
"2020年","44000","大分県","35611",""
"2021年","44000","大分県","29154",""
"1975年","45000","宮崎県","77636",""
"1976年","45000","宮崎県","112505",""
"1977年","45000","宮崎県","103088",""
"1978年","45000","宮崎県","123086",""
"1979年","45000","宮崎県","127894",""
"1980年","45000","宮崎県","122706",""
"1981年","45000","宮崎県","123183",""
"1982年","45000","宮崎県","152127",""
"1983年","45000","宮崎県","166024",""
"1984年","45000","宮崎県","196957",""
"1985年","45000","宮崎県","171990",""
"1986年","45000","宮崎県","174924",""
"1987年","45000","宮崎県","191955",""
"1988年","45000","宮崎県","222599",""
"1989年","45000","宮崎県","212188",""
"1990年","45000","宮崎県","223751",""
"1991年","45000","宮崎県","182321",""
"1992年","45000","宮崎県","168245",""
"1993年","45000","宮崎県","174265",""
"1994年","45000","宮崎県","136318",""
"1995年","45000","宮崎県","126809",""
"1996年","45000","宮崎県","122063",""
"1997年","45000","宮崎県","137049",""
"1998年","45000","宮崎県","109711",""
"1999年","45000","宮崎県","123689",""
"2000年","45000","宮崎県","126777",""
"2001年","45000","宮崎県","90857",""
"2002年","45000","宮崎県","86055",""
"2003年","45000","宮崎県","108192",""
"2004年","45000","宮崎県","101691",""
"2005年","45000","宮崎県","105921",""
"2006年","45000","宮崎県","103066",""
"2007年","45000","宮崎県","107635",""
"2008年","45000","宮崎県","86553",""
"2009年","45000","宮崎県","84808",""
"2010年","45000","宮崎県","92304",""
"2011年","45000","宮崎県","101213",""
"2012年","45000","宮崎県","86597",""
"2013年","45000","宮崎県","104948",""
"2014年","45000","宮崎県","101283",""
"2015年","45000","宮崎県","125920",""
"2016年","45000","宮崎県","101785",""
"2017年","45000","宮崎県","96582",""
"2018年","45000","宮崎県","103314",""
"2019年","45000","宮崎県","100169",""
"2020年","45000","宮崎県","118980",""
"2021年","45000","宮崎県","101064",""
"1975年","46000","鹿児島県","106068",""
"1976年","46000","鹿児島県","133218",""
"1977年","46000","鹿児島県","146982",""
"1978年","46000","鹿児島県","159733",""
"1979年","46000","鹿児島県","148908",""
"1980年","46000","鹿児島県","151164",""
"1981年","46000","鹿児島県","157986",""
"1982年","46000","鹿児島県","179050",""
"1983年","46000","鹿児島県","174300",""
"1984年","46000","鹿児島県","198050",""
"1985年","46000","鹿児島県","182632",""
"1986年","46000","鹿児島県","161449",""
"1987年","46000","鹿児島県","153403",""
"1988年","46000","鹿児島県","158763",""
"1989年","46000","鹿児島県","151497",""
"1990年","46000","鹿児島県","157113",""
"1991年","46000","鹿児島県","152397",""
"1992年","46000","鹿児島県","139278",""
"1993年","46000","鹿児島県","150015",""
"1994年","46000","鹿児島県","138410",""
"1995年","46000","鹿児島県","129947",""
"1996年","46000","鹿児島県","110657",""
"1997年","46000","鹿児島県","125174",""
"1998年","46000","鹿児島県","98065",""
"1999年","46000","鹿児島県","95544",""
"2000年","46000","鹿児島県","93966",""
"2001年","46000","鹿児島県","93746",""
"2002年","46000","鹿児島県","84733",""
"2003年","46000","鹿児島県","90473",""
"2004年","46000","鹿児島県","96831",""
"2005年","46000","鹿児島県","105319",""
"2006年","46000","鹿児島県","94320",""
"2007年","46000","鹿児島県","-","データが得られないことを示している。"
"2008年","46000","鹿児島県","-","データが得られないことを示している。"
"2009年","46000","鹿児島県","-","データが得られないことを示している。"
"2010年","46000","鹿児島県","-","データが得られないことを示している。"
"2011年","46000","鹿児島県","-","データが得られないことを示している。"
"2012年","46000","鹿児島県","-","データが得られないことを示している。"
"2013年","46000","鹿児島県","-","データが得られないことを示している。"
"2014年","46000","鹿児島県","-","データが得られないことを示している。"
"2015年","46000","鹿児島県","-","データが得られないことを示している。"
"2016年","46000","鹿児島県","-","データが得られないことを示している。"
"2017年","46000","鹿児島県","-","データが得られないことを示している。"
"2018年","46000","鹿児島県","-","データが得られないことを示している。"
"2019年","46000","鹿児島県","-","データが得られないことを示している。"
"2020年","46000","鹿児島県","-","データが得られないことを示している。"
"2021年","46000","鹿児島県","47853",""
"1975年","47000","沖縄県","51483",""
"1976年","47000","沖縄県","70410",""
"1977年","47000","沖縄県","60774",""
"1978年","47000","沖縄県","87879",""
"1979年","47000","沖縄県","68535",""
"1980年","47000","沖縄県","58967",""
"1981年","47000","沖縄県","45705",""
"1982年","47000","沖縄県","26852",""
"1983年","47000","沖縄県","30534",""
"1984年","47000","沖縄県","43674",""
"1985年","47000","沖縄県","45827",""
"1986年","47000","沖縄県","43670",""
"1987年","47000","沖縄県","37283",""
"1988年","47000","沖縄県","38018",""
"1989年","47000","沖縄県","37388",""
"1990年","47000","沖縄県","34832",""
"1991年","47000","沖縄県","41940",""
"1992年","47000","沖縄県","34032",""
"1993年","47000","沖縄県","25682",""
"1994年","47000","沖縄県","23573",""
"1995年","47000","沖縄県","23098",""
"1996年","47000","沖縄県","22723",""
"1997年","47000","沖縄県","23125",""
"1998年","47000","沖縄県","22972",""
"1999年","47000","沖縄県","21973",""
"2000年","47000","沖縄県","20928",""
"2001年","47000","沖縄県","20142",""
"2002年","47000","沖縄県","19095",""
"2003年","47000","沖縄県","19414",""
"2004年","47000","沖縄県","18355",""
"2005年","47000","沖縄県","18457",""
"2006年","47000","沖縄県","18650",""
"2007年","47000","沖縄県","16748",""
"2008年","47000","沖縄県","16902",""
"2009年","47000","沖縄県","15314",""
"2010年","47000","沖縄県","14812",""
"2011年","47000","沖縄県","14838",""
"2012年","47000","沖縄県","15295",""
"2013年","47000","沖縄県","15294",""
"2014年","47000","沖縄県","15317",""
"2015年","47000","沖縄県","16684",""
"2016年","47000","沖縄県","16158",""
"2017年","47000","沖縄県","15954",""
"2018年","47000","沖縄県","15555",""
"2019年","47000","沖縄県","15685",""
"2020年","47000","沖縄県","12928",""
"2021年","47000","沖縄県","14936",""
